word,phonetic,exampleSentence,,,,
agenda,/əˈdʒɛndə/,The meeting agenda includes budget planning and project updates.,,,,
objective,/əbˈdʒɛktɪv/,Our objective is to increase sales by 10% this quarter.,,,,
item,/ˈaɪtəm/,The next item on the agenda is team restructuring.,,,,
kick off,/ˈkɪk ɔːf/,Let’s kick off the meeting with a quick introduction.,,,,
wrap up,/ˈræp ʌp/,We need to wrap up this discussion by 3 PM.,,,,
time allocation,/ˈtaɪm ˌæləˈkeɪʃən/,Time allocation for each agenda item is crucial for efficiency.,,,,
quarterly report,/ˈkwɔːrtərli rɪˈpɔːrt/,The quarterly report shows strong growth in revenue.,,,,
key findings,/ˈkiː ˈfaɪndɪŋz/,The key findings suggest we need more marketing efforts.,,,,
data shows,/ˈdeɪtə ʃoʊz/,The data shows a significant increase in customer satisfaction.,,,,
projections,/prəˈdʒɛkʃənz/,Our projections indicate a profitable year ahead.,,,,
recommendations,/ˌrɛkəmɛnˈdeɪʃənz/,The report includes recommendations for cost reduction.,,,,
executive summary,/ɪɡˈzɛkjətɪv ˈsʌməri/,The executive summary highlights our strategic goals.,,,,
constructive criticism,/kənˈstrʌktɪv ˈkrɪtɪsɪzəm/,She offered constructive criticism to enhance the project.,,,,
i see your point,/aɪ siː jɔːr pɔɪnt/,I see your point, but we need more data to decide.,,,,
could you elaborate?,/kʊd juː ɪˈlæbəreɪt/,Could you elaborate on your proposal for the new system?,,,,
moving forward,/ˈmuːvɪŋ ˈfɔːrwərd/,Moving forward, we’ll implement these changes.,,,,
actionable feedback,/ˈækʃənəbəl ˈfiːdbæk/,Please provide actionable feedback to improve our workflow.,,,,
how may i assist you?,/haʊ meɪ aɪ əˈsɪst juː/,How may I assist you with your purchase today?,,,,
look into that for you,/lʊk ˈɪntuː ðæt fɔːr juː/,I’ll look into that for you and get back soon.,,,,
inquiry,/ɪnˈkwaɪəri/,We received an inquiry about product availability.,,,,
availability,/əˌveɪləˈbɪlɪti/,Please check the availability of the item.,,,,
product specifications,/ˈprɒdʌkt ˌspɛsɪfɪˈkeɪʃənz/,The product specifications are listed on our website.,,,,
i understand your frustration,/aɪ ˌʌndərˈstænd jɔːr frʌˈstreɪʃən/,I understand your frustration, and we’ll fix this issue.,,,,
we sincerely apologize for the inconvenience,/wiː sɪnˈsɪrli əˈpɒlədʒaɪz fər ði ˌɪnkənˈviːniəns/,We sincerely apologize for the inconvenience caused.,,,,
resolve the issue,/rɪˈzɒlv ði ˈɪʃuː/,We’ll resolve the issue within 24 hours.,,,,
as a gesture of goodwill,/æz ə ˈdʒɛstʃər əv ˌɡʊdˈwɪl/,We’ll refund you as a gesture of goodwill.,,,,
team player,/ˈtiːm ˈpleɪər/,Being a team player is essential for this role.,,,,
problem-solving skills,/ˈprɒbləm ˈsɒlvɪŋ skɪlz/,My problem-solving skills helped us meet deadlines.,,,,
adaptable,/əˈdæptəbəl/,She’s highly adaptable to changing work environments.,,,,
detail-oriented,/ˈdiːteɪl ˈɔːriəntɪd/,We need a detail-oriented person for this task.,,,,
leadership qualities,/ˈliːdərʃɪp ˈkwɒlɪtiz/,Her leadership qualities inspire the team.,,,,
tell me about a time when you faced a challenge at work,/tɛl miː əˈbaʊt ə taɪm wɛn juː feɪst ə ˈtʃælɪndʒ æt wɜːrk/,Tell me about a time when you faced a challenge at work.,,,,
star method,/stɑːr ˈmɛθəd/,I used the STAR method to structure my response.,,,,
handled a conflict,/ˈhændəld ə ˈkɒnflɪkt/,I handled a conflict between team members calmly.,,,,
managed a tight deadline,/ˈmænɪdʒd ə taɪt ˈdɛdlaɪn/,I managed a tight deadline by prioritizing tasks.,,,,
fitting room,/ˈfɪtɪŋ ruːm/,Can I use the fitting room to try this shirt?,,,,
do you have this in a different size?,/duː juː hæv ðɪs ɪn ə ˈdɪfrənt saɪz/,Do you have this in a different size?,,,,
on sale,/ɒn seɪl/,This jacket is on sale for 20% off.,,,,
return policy,/rɪˈtɜːrn ˈpɒlɪsi/,What’s your store’s return policy?,,,,
receipt,/rɪˈsiːt/,Please keep your receipt for returns.,,,,
aisle,/aɪl/,The cereals are in aisle five.,,,,
shopping cart,/ˈʃɒpɪŋ kɑːrt/,I filled my shopping cart with groceries.,,,,
checkout counter,/ˈtʃɛkaʊt ˈkaʊntər/,Please proceed to the checkout counter.,,,,
fresh produce,/frɛʃ ˈprɒdjuːs/,The fresh produce section has organic apples.,,,,
loyalty card,/ˈlɔɪəlti kɑːrd/,Do you have a loyalty card for extra savings?,,,,
i'd like to book a table,/aɪd laɪk tuː bʊk ə ˈteɪbəl/,I’d like to book a table for two.,,,,
for two people,/fɔːr tuː ˈpiːpəl/,We need a table for two people.,,,,
at 7 pm,/æt ˈsɛvən piːˈɛm/,Can you book it at 7 PM?,,,,
under the name,/ˈʌndər ðə neɪm/,The reservation is under the name Smith.,,,,
what do you recommend?,/wɒt duː juː ˌrɛkəˈmɛnd/,What do you recommend from the menu?,,,,
i'll have the pasta with marinara sauce,/aɪl hæv ðə ˈpæstə wɪð ˌmærɪˈnærə sɔːs/,I’ll have the pasta with marinara sauce.,,,,
could we have the bill, please?,/kʊd wiː hæv ðə bɪl pliːz/,Could we have the bill, please?,,,,
appetizer,/ˈæpɪtaɪzər/,We ordered an appetizer to share.,,,,
main course,/meɪn kɔːrs/,The main course was delicious.,,,,
dessert,/dɪˈzɜːrt/,I’m too full for dessert.,,,,
lovely day, isn't it?,/ˈlʌvli deɪ ˈɪznt ɪt/,Lovely day, isn’t it?,,,,
i can't believe how cold it is,/aɪ kænt bɪˈliːv haʊ koʊld ɪt ɪz/,I can’t believe how cold it is today!,,,,
looks like it's going to rain,/lʊks laɪk ɪts ˈɡoʊɪŋ tə reɪn/,Looks like it’s going to rain this afternoon.,,,,
the food is delicious,/ðə fuːd ɪz dɪˈlɪʃəs/,The food is delicious at this party!,,,,
this is a great venue,/ðɪs ɪz ə ɡreɪt ˈvɛnjuː/,This is a great venue for the conference.,,,,
how do you know the host?,/haʊ duː juː noʊ ðə hoʊst/,How do you know the host of this event?,,,,
how was your weekend?,/haʊ wəz jɔːr ˌwiːkˈɛnd/,How was your weekend?,,,,
did you do anything exciting?,/dɪd juː duː ˈɛniθɪŋ ɪkˈsaɪtɪŋ/,Did you do anything exciting over the weekend?,,,,
i had a relaxing weekend,/aɪ hæd ə rɪˈlæksɪŋ ˌwiːkˈɛnd/,I had a relaxing weekend at home.,,,,
how's that project coming along?,/haʊz ðæt ˈprɒdʒɛkt ˈkʌmɪŋ əˈlɒŋ/,How’s that project coming along?,,,,
i'm swamped with work,/aɪm swɒmpt wɪð wɜːrk/,I’m swamped with work this week.,,,,
looking forward to the holidays,/ˈlʊkɪŋ ˈfɔːrwərd tə ðə ˈhɒlɪdeɪz/,I’m looking forward to the holidays!,,,,
merry christmas!,/ˈmɛri ˈkrɪsməs/,Merry Christmas to you and your family!,,,,
happy holidays!,/ˈhæpi ˈhɒlɪdeɪz/,Happy Holidays!,,,,
season's greetings,/ˈsizənz ˈɡriːtɪŋz/,Season’s Greetings from our team!,,,,
all the best for the new year,/ɔːl ðə bɛst fɔːr ðə nuː jɪr/,All the best for the New Year!,,,,
decorate the tree,/ˈdɛkəreɪt ðə triː/,We’ll decorate the tree this weekend.,,,,
exchange gifts,/ɪksˈtʃeɪndʒ ɡɪfts/,We exchange gifts on Christmas morning.,,,,
christmas carol,/ˈkrɪsməs ˈkærəl/,We sang a Christmas carol at the party.,,,,
mistletoe,/ˈmɪsəltoʊ/,They kissed under the mistletoe.,,,,
reindeer,/ˈreɪndɪr/,The reindeer pulled Santa’s sleigh.,,,,
new year's resolution,/nuː jɪrz ˌrɛzəˈluːʃən/,My New Year’s resolution is to read more books.,,,,
i'm planning to exercise more this year,/aɪm ˈplænɪŋ tə ˈɛksərsaɪz mɔːr ðɪs jɪr/,I’m planning to exercise more this year.,,,,
my goal is to learn a new skill,/maɪ ɡoʊl ɪz tə lɜːrn ə nuː skɪl/,My goal is to learn a new skill.,,,,
stick to it,/stɪk tə ɪt/,I hope I can stick to my resolution.,,,,
happy new year!,/ˈhæpi nuː jɪr/,Happy New Year!,,,,
countdown,/ˈkaʊntdaʊn/,We started the countdown to midnight.,,,,
fireworks,/ˈfaɪərwɜːrks/,The fireworks lit up the night sky.,,,,
celebrate,/ˈsɛlɪbreɪt/,We’ll celebrate New Year’s Eve with friends.,,,,
auld lang syne,/ˌɔːld læŋ ˈsaɪn/,We sang Auld Lang Syne at midnight.,,,,
syllabus,/ˈsɪləbəs/,The syllabus lists all the assignments.,,,,
lecture,/ˈlɛktʃər/,The lecture on biology was fascinating.,,,,
assignment,/əˈsaɪnmənt/,I need to finish my assignment by tomorrow.,,,,
group project,/ɡruːp ˈprɒdʒɛkt/,Our group project is due next week.,,,,
deadline,/ˈdɛdlaɪn/,The deadline for the essay is Friday.,,,,
study group,/ˈstʌdi ɡruːp/,I joined a study group for the exam.,,,,
raise your hand,/reɪz jɔːr hænd/,Please raise your hand if you have a question.,,,,
take notes,/teɪk noʊts/,I always take notes during lectures.,,,,
ask a question,/æsk ə ˈkwɛstʃən/,Feel free to ask a question if you’re confused.,,,,
do you understand?,/duː juː ˌʌndərˈstænd/,Do you understand the instructions?,,,,
submit your work,/səbˈmɪt jɔːr wɜːrk/,Please submit your work by email.,,,,
attend a workshop,/əˈtɛnd ə ˈwɜːrkʃɒp/,I’ll attend a workshop on public speaking.,,,,
check-in counter,/ˈtʃɛkɪn ˈkaʊntər/,We need to go to the check-in counter.,,,,
boarding pass,/ˈbɔːrdɪŋ pæs/,Please have your boarding pass ready.,,,,
luggage,/ˈlʌɡɪdʒ/,My luggage is already at the gate.,,,,
customs,/ˈkʌstəmz/,We passed through customs quickly.,,,,
where is the gate?,/wɛr ɪz ðə ɡeɪt/,Where is the gate for flight 123?,,,,
hotel reservation,/hoʊˈtɛl ˌrɛzərˈveɪʃən/,I made a hotel reservation for two nights.,,,,
check-in,/ˈtʃɛkɪn/,We’ll check-in at the hotel this afternoon.,,,,
room service,/ruːm ˈsɜːrvɪs/,Can we order room service tonight?,,,,
is breakfast included?,/ɪz ˈbrɛkfəst ɪnˈkluːdɪd/,Is breakfast included with our booking?,,,,
tour guide,/tʊr ɡaɪd/,Our tour guide explained the city’s history.,,,,
sightseeing,/ˈsaɪtsiːɪŋ/,We went sightseeing in the old town.,,,,
make an appointment,/meɪk ən əˈpɔɪntmənt/,I need to make an appointment with my doctor.,,,,
prescription,/prɪˈskrɪpʃən/,The doctor gave me a prescription for antibiotics.,,,,
symptoms,/ˈsɪmptəmz/,My symptoms include a cough and fever.,,,,
i’m not feeling well,/aɪm nɒt ˈfiːlɪŋ wɛl/,I’m not feeling well today.,,,,
take medicine,/teɪk ˈmɛdɪsɪn/,You should take medicine twice a day.,,,,
healthy diet,/ˈhɛlθi ˈdaɪət/,A healthy diet improves your energy.,,,,
exercise regularly,/ˈɛksərsaɪz ˈrɛɡjələrli/,I try to exercise regularly to stay fit.,,,,
stay hydrated,/steɪ haɪˈdreɪtɪd/,Make sure to stay hydrated during the day.,,,,
mental health,/ˈmɛntəl hɛlθ/,Mental health is just as important as physical health.,,,,
relax and unwind,/rɪˈlæks ænd ʌnˈwaɪnd/,I need to relax and unwind after work.,,,,
software update,/ˈsɒftwɛr ˈʌpdeɪt/,I need to install the latest software update.,,,,
cloud storage,/klaʊd ˈstɔːrɪdʒ/,I saved my files to cloud storage for easy access.,,,,
user interface,/ˈjuːzər ˈɪntərfeɪs/,The app has a user-friendly interface.,,,,
troubleshoot,/ˈtrʌbəlʃuːt/,Can you troubleshoot the network issue?,,,,
tech support,/tɛk səˈpɔːrt/,I called tech support to fix my laptop.,,,,
beta version,/ˈbeɪtə ˈvɜːrʒən/,The app is still in its beta version.,,,,
debug,/diːˈbʌɡ/,The developer spent hours debugging the program.,,,,
open source,/ˈoʊpən sɔːrs/,This tool is open source and free to use.,,,,
what’s the wifi password?,/wɒts ðə ˈwaɪfaɪ ˈpæswɜːrd/,What’s the WiFi password for this café?,,,,
restart the device,/riːˈstɑːrt ðə dɪˈvaɪs/,Try to restart the device to resolve the problem.,,,,
go viral,/ɡoʊ ˈvaɪrəl/,Her video went viral on social media.,,,,
hashtag,/ˈhæʃtæɡ/,Use the hashtag #TravelGoals for your posts.,,,,
direct message,/dɪˈrɛkt ˈmɛsɪdʒ/,I’ll send you a direct message with the details.,,,,
content creator,/ˈkɒntɛnt kriˈeɪtər/,She’s a content creator with a large following.,,,,
live stream,/laɪv striːm/,We’ll live stream the event on our page.,,,,
post an update,/poʊst ən ˈʌpdeɪt/,I’ll post an update about the project later.,,,,
tag someone,/tæɡ ˈsʌmwʌn/,Can you tag me in that photo?,,,,
share a link,/ʃɛr ə lɪŋk/,I’ll share a link to the article.,,,,
carbon footprint,/ˈkɑːrbən ˈfʊtprɪnt/,I’m trying to reduce my carbon footprint.,,,,
renewable energy,/rɪˈnjuːəbəl ˈɛnərdʒi/,We switched to renewable energy for our home.,,,,
recycle,/riːˈsaɪkl/,Please recycle your plastic bottles.,,,,
sustainable living,/səˈsteɪnəbəl ˈlɪvɪŋ/,Sustainable living is important for the planet.,,,,
zero waste,/ˈzɪroʊ weɪst/,I’m aiming for a zero waste lifestyle.,,,,
compost,/ˈkɒmpɒst/,We compost food scraps in our backyard.,,,,
eco-friendly,/ˈiːkoʊ ˈfrɛndli/,This product is eco-friendly and biodegradable.,,,,
warm-up,/ˈwɔːrmʌp/,Do a quick warm-up before the game.,,,,
cool-down,/ˈkuːlˌdaʊn/,A cool-down helps prevent muscle soreness.,,,,
personal best,/ˈpɜːrsənəl bɛst/,I hit my personal best in the marathon.,,,,
team captain,/ˈtiːm ˈkæptɪn/,She was chosen as the team captain.,,,,
score a goal,/skɔːr ə ɡoʊl/,He scored a goal in the final minute.,,,,
join a gym,/dʒɔɪn ə dʒɪm/,I decided to join a gym to stay active.,,,,
track your progress,/træk jɔːr ˈprɒɡrɛs/,Use an app to track your fitness progress.,,,,
box office,/ˈbɒks ˈɒfɪs/,The movie was a hit at the box office.,,,,
red carpet,/rɛd ˈkɑːrpɪt/,She walked the red carpet at the premiere.,,,,
binge-watch,/ˈbɪndʒ wɒtʃ/,We decided to binge-watch the new series.,,,,
sold out,/soʊld aʊt/,The concert is sold out.,,,,
behind the scenes,/bɪˈhaɪnd ðə siːnz/,The behind-the-scenes footage was fascinating.,,,,
audition,/ɔːˈdɪʃən/,She prepared for her audition all week.,,,,
standing ovation,/ˈstændɪŋ oʊˈveɪʃən/,The performance received a standing ovation.,,,,
recipe,/ˈrɛsɪpi/,I found a great recipe for pasta.,,,,
ingredient,/ɪnˈɡriːdiənt/,We need fresh ingredients for the soup.,,,,
chop vegetables,/tʃɒp ˈvɛdʒtəbəlz/,Can you chop vegetables for the salad?,,,,
simmer,/ˈsɪmər/,Let the sauce simmer for 20 minutes.,,,,
bake in the oven,/beɪk ɪn ði ˈʌvən/,We’ll bake the cake in the oven.,,,,
taste for seasoning,/teɪst fɔːr ˈsizənɪŋ/,Taste the soup for seasoning before serving.,,,,
homemade meal,/ˌhoʊmˈmeɪd miːl/,We enjoyed a homemade meal together.,,,,
budget plan,/ˈbʌdʒɪt plæn/,We need to create a budget plan for next quarter.,,,,
revenue stream,/ˈrɛvənjuː striːm/,Online sales are a key revenue stream for us.,,,,
cost-effective,/ˌkɒst ɪˈfɛktɪv/,This solution is cost-effective for small businesses.,,,,
return on investment,/rɪˈtɜːrn ɒn ɪnˈvɛstmənt/,We expect a high return on investment this year.,,,,
financial forecast,/faɪˈnænʃəl ˈfɔːrkæst/,The financial forecast shows steady growth.,,,,
invoice,/ˈɪnvɔɪs/,Please send the invoice by email.,,,,
negotiate a deal,/nɪˈɡoʊʃieɪt ə diːl/,We managed to negotiate a deal with the supplier.,,,,
market trends,/ˈmɑːrkɪt trɛndz/,Keeping up with market trends is crucial for success.,,,,
cash flow,/ˈkæʃ floʊ/,We need to improve our cash flow this month.,,,,
investment portfolio,/ɪnˈvɛstmənt pɔːrtˈfoʊlioʊ/,Her investment portfolio includes stocks and bonds.,,,,
pick up a hobby,/pɪk ʌp ə ˈhɒbi/,I decided to pick up a hobby like painting.,,,,
join a club,/dʒɔɪn ə klʌb/,You should join a club to meet new people.,,,,
try something new,/traɪ ˈsʌmθɪŋ nuː/,I want to try something new this weekend.,,,,
gardening,/ˈɡɑːrdnɪŋ/,Gardening is a relaxing way to spend time.,,,,
DIY project,/ˌdiːaɪˈwaɪ ˈprɒdʒɛkt/,I’m working on a DIY project for my home.,,,,
board game,/bɔːrd ɡeɪm/,We played a board game last night.,,,,
go hiking,/ɡoʊ ˈhaɪkɪŋ/,Let’s go hiking in the mountains this weekend.,,,,
take up photography,/teɪk ʌp fəˈtɒɡrəfi/,I want to take up photography as a hobby.,,,,
knitting,/ˈnɪtɪŋ/,Knitting a scarf is my new project.,,,,
leisure time,/ˈleʒər taɪm/,I spend my leisure time reading books.,,,,
volunteer work,/ˌvɒlənˈtɪr wɜːrk/,I do volunteer work at the local shelter.,,,,
community event,/kəˈmjuːnɪti ɪˈvɛnt/,The community event brought everyone together.,,,,
donate to charity,/doʊˈneɪt tə ˈtʃærɪti/,We decided to donate to charity this month.,,,,
organize a fundraiser,/ˈɔːrɡənaɪz ə ˈfʌndreɪzər/,Let’s organize a fundraiser for the school.,,,,
make a difference,/meɪk ə ˈdɪfrəns/,Your efforts can make a difference in the community.,,,,
lend a hand,/lɛnd ə hænd/,Can you lend a hand with this project?,,,,
local initiative,/ˈloʊkəl ɪˈnɪʃətɪv/,The local initiative promotes recycling.,,,,
team up,/tiːm ʌp/,Let’s team up to clean the park.,,,,
spread awareness,/sprɛd əˈwɛrnɪs/,We need to spread awareness about climate change.,,,,
sign up to volunteer,/saɪn ʌp tə ˌvɒlənˈtɪr/,I’ll sign up to volunteer at the event.,,,,
set priorities,/sɛt praɪˈɔːrɪtiz/,Let’s set priorities for this project.,,,,
meet expectations,/miːt ˌɛkspɛkˈteɪʃənz/,She always works hard to meet expectations.,,,,
performance review,/pərˈfɔːrməns rɪˈvjuː/,My performance review is scheduled for next week.,,,,
take initiative,/teɪk ɪˈnɪʃətɪv/,You should take initiative to solve this issue.,,,,
work-life balance,/ˌwɜːrkˈlaɪf ˈbæləns/,Maintaining work-life balance is important for health.,,,,
delegate tasks,/ˈdɛlɪɡeɪt tæks/,Managers should delegate tasks to their team.,,,,
onboarding process,/ˈɒnbɔːrdɪŋ ˈprɒsɛs/,The onboarding process helped me settle in quickly.,,,,
career path,/kəˈrɪr pæθ/,I’m exploring my career path options.,,,,
networking event,/ˈnɛtwɜːrkɪŋ ɪˈvɛnt/,I met new contacts at a networking event.,,,,
pitch an idea,/pɪtʃ ən aɪˈdiːə/,She pitched an idea to the marketing team.,,,,
collaborative project,/kəˈlæbərətɪv ˈprɒdʒɛkt/,We’re working on a collaborative project across departments.,,,,
employee engagement,/ɪmˈplɔɪi ɪnˈɡeɪdʒmənt/,Employee engagement boosts productivity.,,,,
professional development,/prəˈfɛʃənəl dɪˈvɛləpmənt/,I’m attending a professional development workshop.,,,,
submit a proposal,/səbˈmɪt ə prəˈpoʊzəl/,We need to submit a proposal by Friday.,,,,
client meeting,/ˈklaɪənt ˈmiːtɪŋ/,The client meeting is set for tomorrow morning.,,,,
run errands,/rʌn ˈɛrəndz/,I need to run errands this afternoon.,,,,
household chores,/ˈhaʊshoʊld tʃɔːrz/,I split household chores with my roommate.,,,,
make a grocery list,/meɪk ə ˈɡroʊsəri lɪst/,Let’s make a grocery list before shopping.,,,,
try a new recipe,/traɪ ə nuː ˈrɛsɪpi/,I want to try a new recipe tonight.,,,,
home decor,/hoʊm dɪˈkɔːr/,We’re updating our home decor this weekend.,,,,
social gathering,/ˈsoʊʃəl ˈɡæðərɪŋ/,The social gathering was so much fun!,,,,
plan a trip,/plæn ə trɪp/,We’re planning a trip to the beach.,,,,
stay organized,/steɪ ˈɔːrɡənaɪzd/,I use a planner to stay organized.,,,,
self-care routine,/ˌsɛlfˈkɛr ruːˈtiːn/,My self-care routine includes yoga.,,,,
weekend getaway,/ˌwiːkˈɛnd ˈɡɛtəweɪ/,We booked a weekend getaway to the mountains.,,,,
attend a concert,/əˈtɛnd ə ˈkɒnsərt/,I’m excited to attend a concert tonight.,,,,
host a dinner,/hoʊst ə ˈdɪnər/,We’ll host a dinner for friends this weekend.,,,,
daily commute,/ˈdeɪli kəˈmjuːt/,My daily commute takes about an hour.,,,,
shop for deals,/ʃɒp fɔːr diːlz/,I always shop for deals during sales.,,,,
break the ice,/breɪk ði aɪs/,I told a joke to break the ice.,,,,
catch up,/kætʃ ʌp/,Let’s meet to catch up over coffee soon.,,,,
small talk,/smɔːl tɔːk/,Small talk helps build connections.,,,,
how’s it going?,/haʊz ɪt ˈɡoʊɪŋ/,Hey, how’s it going?,,,,
any big plans?,/ˈɛni bɪɡ plænz/,Any big plans for the weekend?,,,,
that sounds fun,/ðæt saʊndz fʌn/,A trip to Paris? That sounds fun!,,,,
great to see you,/ɡreɪt tə siː juː/,Great to see you!,,,,
keep in touch,/kiːp ɪn tʌtʃ/,Let’s keep in touch after this.,,,,
what’s the latest?,/wɒts ðə ˈleɪtɪst/,What’s the latest with your project?,,,,
good to see you,/ɡʊd tə siː juː/,Good to see you after so long!,,,,
have you heard?,/hæv juː hɜːrd/,Have you heard about the new café?,,,,
talk about the news,/tɔːk əˈbaʊt ðə njuːz/,Let’s talk about the news over lunch.,,,,
holiday season,/ˈhɒlɪdeɪ ˈsizən/,The holiday season is always busy.,,,,
festive mood,/ˈfɛstɪv muːd/,Everyone’s in a festive mood this December.,,,,
light the candles,/laɪt ðə ˈkændəlz/,We’ll light the candles for the holiday.,,,,
family traditions,/ˈfæməli trəˈdɪʃənz/,Our family traditions include baking together.,,,,
holiday shopping,/ˈhɒlɪdeɪ ˈʃɒpɪŋ/,Holiday shopping can be overwhelming.,,,,
attend a festival,/əˈtɛnd ə ˈfɛstɪvəl/,We’ll attend a festival this weekend.,,,,
give a toast,/ɡɪv ə toʊst/,I’ll give a toast at the celebration.,,,,
holiday decorations,/ˈhɒlɪdeɪ ˌdɛkəˈreɪʃənz/,We put up holiday decorations yesterday.,,,,
plan a festive celebration,/plæn ə ˈfɛstɪv ˌsɛləˈbreɪʃn/,Let’s plan a festive celebration for New Year.,,,,
cultural festival,/ˈkʌltʃərəl ˈfɛstɪvəl/,Joining a cultural festival was vibrant and fun!,,,,
research paper,/rɪˈsɜːrtʃ ˈpeɪpər/,I’m drafting a research paper for class.,,,,
study abroad,/ˈstʌdi əˈbrɔːd/,I’d love to study abroad next semester.,,,,
take an exam,/teɪk ən ɪˈɡzæm/,I’ll take an exam tomorrow.,,,,
group discussion,/ɡruːp dɪˈskʌʃən/,The group discussion clarified the topic.,,,,
academic writing,/ˌækəˈdɛmɪk ˈraɪtɪŋ/,Academic writing needs clear arguments.,,,,
attend a seminar,/əˈtɛnd ə ˈsɛmɪnɑːr/,I’ll attend a seminar on history.,,,,
peer review,/pɪr rɪˈvjuː/,Peer review enhanced my essay.,,,,
course materials,/kɔːrs məˈtɪriəlz/,The course materials are online.,,,,
extracurricular activity,/ˌɛkstrəkəˈrɪkjələr ækˈtɪvɪti/,I joined an extracurricular activity to socialize.,,,,
online course,/ˈɒnlaɪn kɔːrs/,I’m enrolled in an online course this summer.,,,,
revise notes,/rɪˈvaɪz noʊts/,I’ll revise my notes before the test.,,,,
book a tour,/bʊk ə tʊr/,I’m booking a tour of the city tomorrow.,,,,
travel itinerary,/ˈtrævəl aɪˈtɪnərɛri/,Our travel itinerary covers Paris and Rome.,,,,
local cuisine,/ˈloʊkəl kwɪˈziːn/,I’m excited to taste local cuisine.,,,,
exchange currency,/ɪksˈtʃeɪndʒ ˈkɜːrənsi/,I’ll exchange currency before the trip.,,,,
tourist attraction,/ˈtʊrɪst əˈtrækʃən/,The Eiffel Tower is a top tourist attraction.,,,,
travel insurance,/ˈtrævəl ɪnˈʃʊrəns/,I included travel insurance for safety.,,,,
check the weather forecast,/tʃɛk ðə ˈwɛðər ˈfɔːrkæst/,Let’s check the weather forecast before hiking.,,,,
public transportation,/ˈpʌblɪk ˌtrænspɔːrˈteɪʃən/,The public transportation system is convenient here.,,,,
ask for directions,/æsk fɔːr dɪˈrɛkʃənz/,I’ll ask for directions to the museum.,,,,
cultural experience,/ˈkʌltʃərəl ɪkˈspɪriəns/,Visiting the temple was a rich cultural experience.,,,,
pack light,/pæk laɪt/,I always pack light for travel to ease trips.,,,,
balanced diet,/ˈbælənst ˈdaɪət/,A balanced diet keeps me healthy.,,,,
physical therapy,/ˈfɪzɪkəl ˈθɛrəpi/,I’m starting physical therapy for my injury.,,,,
stress management,/strɛs ˈmænɪdʒmənt/,Stress management techniques are key to well-being.,,,,
book a check-up,/bʊk ə ˈtʃɛkʌp/,I’ll book a check-up with my doctor soon.,,,,
monitor health,/ˈmɒnɪtər hɛlθ/,I monitor my health with an app.,,,,
healthy habits,/ˈhɛlθi ˈhæbɪts/,Healthy habits include regular exercise.,,,,
mental wellness,/ˈmɛntəl ˈwɛlnɪs/,Mental wellness is my priority this year.,,,,
practice mindfulness,/ˈpræktɪs ˈmaɪndflnɪs/,I practice mindfulness daily to stay calm.,,,,
avoid burnout,/əˈvɔɪd ˈbɜːrnaʊt/,Take breaks to avoid burnout.,,,,
stay active,/steɪ ˈæktɪv/,I try to stay active every day.,,,,
break-even point,/ˈbreɪkˈiːvən pɔɪnt/,We reached the break-even point this month.,,,,
financial statement,/faɪˈnænʃəl ˈsteɪtmənt/,The financial statement shows our profits.,,,,
business pitch,/ˈbɪznɪs pɪtʃ/,She delivered a strong business pitch.,,,,
cost analysis,/kɒst əˈnælɪsɪs/,The cost analysis helped us save money.,,,,
secure a loan,/sɪˈkjʊr ə loʊn/,We need to secure a loan for expansion.,,,,
collect souvenirs,/kəˈlɛkt ˌsuːvəˈnɪrz/,I collect souvenirs from every city I visit.,,,,
join a book club,/dʒɔɪn ə bʊk klʌb/,I joined a book club to discuss novels.,,,,
learn an instrument,/lɜːrn ən ˈɪnstrəmənt/,I want to learn an instrument like the guitar.,,,,
outdoor adventure,/ˌaʊtˈdɔːr ədˈvɛntʃər/,This weekend is perfect for an outdoor adventure.,,,,
support a cause,/səˈpɔːrt ə kɔːz/,I support a cause for local education.,,,,
community outreach,/kəˈmjuːnɪti ˈaʊtritʃ/,The community outreach program builds stronger ties.,,,,
organize a cleanup,/ˈɔːrɡənaɪz ə ˈkliːnʌp/,Let’s organize a cleanup for the park.,,,,
raise awareness,/reɪz əˈwɛrnɪs/,We need to raise awareness about recycling.,,,,
collaborate with locals,/kəˈlæbəreɪt wɪð ˈloʊkəlz/,We’ll collaborate with locals on this project.,,,,
propose a solution,/prəˈpoʊz ə səˈluːʃən/,I’ll propose a solution during the meeting.,,,,
monitor progress,/ˈmɒnɪtər ˈprɒɡrɛs/,We need to monitor progress on this project.,,,,
coordinate efforts,/koʊˈɔːrdɪneɪt ˈɛfərts/,Let’s coordinate efforts to meet the deadline.,,,,
address concerns,/əˈdrɛs kənˈsɜːrnz/,We’ll address concerns in the Q&A session.,,,,
set expectations,/sɛt ˌɛkspɛkˈteɪʃənz/,Managers should set expectations clearly.,,,,
offer support,/ˈɒfər səˈpɔːrt/,I can offer support with the new system.,,,,
build rapport,/bɪld ræˈpɔːr/,Build rapport with clients to gain trust.,,,,
handle objections,/ˈhændəl əbˈdʒɛkʃənz/,Sales reps handle objections confidently.,,,,
clarify details,/ˈklærɪfaɪ ˈdiːteɪlz/,Can you clarify details about the policy?,,,,
escalate a request,/ˈɛskəleɪt ə rɪˈkwɛst/,I’ll escalate your request to my supervisor.,,,,
showcase achievements,/ˈʃoʊkeɪs əˈtʃiːvmənts/,Use your resume to showcase achievements.,,,,
discuss opportunities,/dɪˈskʌs ˌɒpərˈtʃuːnɪtiz/,Let’s discuss opportunities for advancement.,,,,
align goals,/əˈlaɪn ɡoʊlz/,We need to align goals with the company vision.,,,,
foster teamwork,/ˈfɒstər ˈtiːmwɜːrk/,Team activities foster teamwork spirit.,,,,
review feedback,/rɪˈvjuː ˈfiːdbæk/,Let’s review feedback from the client.,,,,
try on clothes,/traɪ ɒn kloʊz/,I’ll try on clothes before buying them.,,,,
compare prices,/kəmˈpɛr ˈpraɪsɪz/,Always compare prices to save money.,,,,
ask for a discount,/æsk fɔːr ə ˈdɪskaʊnt/,Can I ask for a discount on this item?,,,,
check stock,/tʃɛk stɒk/,I’ll check stock availability for that product.,,,,
pay by card,/peɪ baɪ kɑːrd/,Can I pay by card at this store?,,,,
request a menu,/rɪˈkwɛst ə ˈmɛnjuː/,Can you request a menu for us?,,,,
place an order,/pleɪs ən ˈɔːrdər/,I’ll place an order for the pizza.,,,,
ask for takeaway,/æsk fɔːr ˈteɪkəweɪ/,Can we ask for takeaway tonight?,,,,
leave a tip,/liːv ə tɪp/,Don’t forget to leave a tip for the waiter.,,,,
check the time,/tʃɛk ðə taɪm/,I need to check the time before leaving.,,,,
set an alarm,/sɛt ən əˈlɑːrm/,I’ll set an alarm for tomorrow morning.,,,,
plan a workout,/plæn ə ˈwɜːrkaʊt/,Let’s plan a workout for this evening.,,,,
tidy up,/ˈtaɪdi ʌp/,I’ll tidy up before guests arrive.,,,,
catch a show,/kætʃ ə ʃoʊ/,We’ll catch a show at the theater.,,,,
swap stories,/swɒp ˈstɔːriz/,We swapped stories about our travels.,,,,
bring up a topic,/brɪŋ ʌp ə ˈtɒpɪk/,I’ll bring up a topic to start the chat.,,,,
show interest,/ʃoʊ ˈɪntrɪst/,Show interest by asking follow-up questions.,,,,
make a comment,/meɪk ə ˈkɒmɛnt/,I made a comment about the new exhibit.,,,,
join a conversation,/dʒɔɪn ə ˌkɒnvərˈseɪʃən/,Feel free to join a conversation with us.,,,,
share a tip,/ʃɛr ə tɪp/,I’ll share a tip about that restaurant.,,,,
talk about plans,/tɔːk əˈbaʊt plænz/,Let’s talk about plans for the weekend.,,,,
ask about hobbies,/æsk əˈbaʊt ˈhɒbiz/,I’ll ask about hobbies to learn more.,,,,
host a gathering,/hoʊst ə ˈɡæðərɪŋ/,We’ll host a gathering for Christmas.,,,,
prepare a feast,/prɪˈpɛr ə fiːst/,Let’s prepare a feast for Thanksgiving.,,,,
join celebrations,/dʒɔɪn ˌsɛləˈbreɪʃənz/,We’ll join celebrations in the town square.,,,,
send greetings,/sɛnd ˈɡriːtɪŋz/,I’ll send greetings to my relatives.,,,,
plan a party,/plæn ə ˈpɑːrti/,Let’s plan a party for New Year’s Eve.,,,,
set up decorations,/sɛt ʌp ˌdɛkəˈreɪʃənz/,We’ll set up decorations for the holiday.,,,,
share traditions,/ʃɛr trəˈdɪʃənz/,I’ll share traditions with my friends.,,,,
present a topic,/prɪˈzɛnt ə ˈtɒpɪk/,I’ll present a topic on history.,,,,
take a quiz,/teɪk ə kwɪz/,We’ll take a quiz on vocabulary tomorrow.,,,,
review material,/rɪˈvjuː məˈtɪriəl/,Let’s review material before the exam.,,,,
discuss ideas,/dɪˈskʌs aɪˈdiːəz/,We’ll discuss ideas in the study group.,,,,
prepare a presentation,/prɪˈpɛr ə ˌprɛzənˈteɪʃən/,I need to prepare a presentation for class.,,,,
attend office hours,/əˈtɛnd ˈɒfɪs aʊərz/,I’ll attend office hours for help.,,,,
rent a car,/rɛnt ə kɑːr/,We’ll rent a car for the trip.,,,,
check the map,/tʃɛk ðə mæp/,Let’s check the map to find the hotel.,,,,
visit a museum,/ˈvɪzɪt ə mjuˈziːəm/,We’ll visit a museum this afternoon.,,,,
book a flight,/bʊk ə flaɪt/,I need to book a flight for next week.,,,,
ask about tours,/æsk əˈbaʊt tʊrz/,Can you ask about tours at the desk?,,,,
take photos,/teɪk ˈfoʊtoʊz/,I’ll take photos of the landmarks.,,,,
check reviews,/tʃɛk rɪˈvjuːz/,Let’s check reviews for this hotel.,,,,
buy souvenirs,/baɪ ˌsuːvəˈnɪrz/,I’ll buy souvenirs for my family.,,,,
visit a dentist,/ˈvɪzɪt ə ˈdɛntɪst/,I need to visit a dentist for a check-up.,,,,
follow a routine,/ˈfɒloʊ ə ruːˈtiːn/,I follow a routine to stay healthy.,,,,
book a session,/bʊk ə ˈsɛʃən/,I’ll book a session for yoga.,,,,
eat nutritious food,/iːt nuˈtrɪʃəs fuːd/,I try to eat nutritious food daily.,,,,
track sleep,/træk sliːp/,I use an app to track sleep patterns.,,,,
consult a specialist,/kənˈsʌlt ə ˈspɛʃəlɪst/,I’ll consult a specialist for my knee.,,,,
practice breathing exercises,/ˈpræktɪs ˈbriːðɪŋ ˈɛksərsaɪzɪz/,I practice breathing exercises to reduce stress.,,,,
install an app,/ɪnˈstɔːl ən æp/,I’ll install an app for productivity.,,,,
update settings,/ˌʌpˈdeɪt ˈsɛtɪŋz/,Let’s update settings for better performance.,,,,
fix a bug,/fɪks ə bʌɡ/,The team will fix a bug in the app.,,,,
share a file,/ʃɛr ə faɪl/,I’ll share a file via email.,,,,
join a webinar,/dʒɔɪn ə ˈwɛbɪnɑːr/,I’ll join a webinar on coding.,,,,
discuss features,/dɪˈskʌs ˈfiːtʃərz/,Let’s discuss features of the new software.,,,,
explore tools,/ɪkˈsplɔːr tuːlz/,I’ll explore tools for project management.,,,,
create a profile,/kriˈeɪt ə ˈproʊfaɪl/,I’ll create a profile on the platform.,,,,
edit a post,/ˈɛdɪt ə poʊst/,I need to edit a post for clarity.,,,,
respond to comments,/rɪˈspɒnd tə ˈkɒmɛnts/,I’ll respond to comments on my post.,,,,
join a group,/dʒɔɪn ə ɡruːp/,I’ll join a group for photography.,,,,
schedule a post,/ˈskɛdʒuːl ə poʊst/,Let’s schedule a post for tomorrow.,,,,
send an invite,/sɛnd ən ɪnˈvaɪt/,I’ll send an invite for the call.,,,,
host a meeting,/hoʊst ə ˈmiːtɪŋ/,I’ll host a meeting on Zoom.,,,,
reduce plastic use,/rɪˈdjuːs ˈplæstɪk juːs/,I’ll reduce plastic use by carrying a reusable bottle.,,,,
support green policies,/səˈpɔːrt ɡriːn ˈpɒlɪsiz/,We should support green policies.,,,,
join a campaign,/dʒɔɪn ə kæmˈpeɪn/,I’ll join a campaign to save forests.,,,,
promote recycling,/prəˈmoʊt riˈsaɪklɪŋ/,Let’s promote recycling in our community.,,,,
save resources,/seɪv rɪˈsɔːrsɪz/,We can save resources by turning off lights.,,,,
learn about sustainability,/lɜːrn əˈbaʊt səˌsteɪnəˈbɪlɪti/,I’ll learn about sustainability online.,,,,
adopt green habits,/əˈdɒpt ɡriːn ˈhæbɪts/,Let’s adopt green habits like composting.,,,,
join a sports team,/dʒɔɪn ə spɔːrts tiːm/,I’ll join a sports team for soccer.,,,,
train regularly,/treɪn ˈrɛɡjələrli/,I train regularly to improve skills.,,,,
compete in races,/kəmˈpiːt ɪn ˈreɪsɪz/,I’ll compete in races this season.,,,,
follow my coach’s advice,/ˈfɒloʊ maɪ ˈkoʊtʃɪz ədˈvaɪs/,I follow my coach’s advice to excel.,,,,
set a new record,/sɛt ə nuː ˈrɛkərd/,She set a new record this year.,,,,
practice drills,/ˈpræktɪs drɪlz/,I practice drills to boost teamwork.,,,,
attend a fitness class,/əˈtɛnd ə ˈfɪtnəs klæs/,I’ll attend a fitness class for yoga.,,,,
watch a play,/wɒtʃ ə pleɪ/,Let’s watch a play this weekend.,,,,
listen to a band,/ˈlɪsən tə ə bænd/,I’ll listen to a band at the festival.,,,,
visit a gallery,/ˈvɪzɪt ə ˈɡæləri/,I’ll visit a gallery exhibit soon.,,,,
book event tickets,/bʊk ɪˈvɛnt ˈtɪkɪts/,I’ll book event tickets for the concert.,,,,
enjoy a live show,/ɪnˈdʒɔɪ ə laɪv ʃoʊ/,We’ll enjoy a live show this evening.,,,,
discuss a movie,/dɪˈskʌs ə ˈmuːvi/,Let’s discuss a movie we watched.,,,,
attend a premiere,/əˈtɛnd ə prɪˈmɪr/,I’ll attend a premiere next week.,,,,
prepare ingredients,/prɪˈpɛr ɪnˈɡriːdiənts/,I’ll prepare ingredients for tonight’s dinner.,,,,
cook a meal,/kʊk ə miːl/,Let’s cook a meal together.,,,,
try new food,/traɪ nuː fuːd/,I want to try new food this week.,,,,
set the oven,/sɛt ði ˈʌvən/,I’ll set the oven to 350°F.,,,,
mix ingredients,/mɪks ɪnˈɡriːdiənts/,I’ll mix ingredients for the batter.,,,,
serve a dish,/sɜːrv ə dɪʃ/,I’ll serve a dish to our guests.,,,,
taste the sauce,/teɪst ðə sɔːs/,I’ll taste the sauce before serving.,,,,
track business performance,/træk ˈbɪznɪs pərˈfɔːrməns/,We’ll track business performance monthly.,,,,
review a contract,/rɪˈvjuː ə ˈkɒntrækt/,I need to review a contract before signing.,,,,
set financial targets,/sɛt faɪˈnænʃəl ˈtɑːrɡɪts/,Let’s set financial targets for the year.,,,,
discuss growth strategies,/dɪˈskʌs ɡroʊθ ˈstrætədʒiz/,Let’s discuss growth strategies today.,,,,
plan investment strategies,/plæn ɪnˈvɛstmənt ˈstrætədʒiz/,I’ll plan investment strategies with my advisor.,,,,
analyze market trends,/ˈænəlaɪz ˈmɑːrkɪt trɛndz/,We’ll analyze market trends for insights.,,,,
start painting,/stɑːrt ˈpeɪntɪŋ/,I’ll start painting this afternoon.,,,,
grow fresh herbs,/ɡroʊ frɛʃ hɜːrbz/,I’ll grow fresh herbs in my garden.,,,,
play chess,/pleɪ tʃɛs/,Let’s play chess tonight.,,,,
go fishing,/ɡoʊ ˈfɪʃɪŋ/,I’ll go fishing this weekend.,,,,
try pottery,/traɪ ˈpɒtəri/,I want to try pottery at the studio.,,,,
read novels,/riːd ˈnɒvəlz/,I’ll read novels during my break.,,,,
collect rare stamps,/kəˈlɛkt rɛr stæmps/,He collects rare stamps for fun.,,,,
plan a workshop,/plæn ə ˈwɜːrkʃɒp/,I’ll plan a workshop on eco-living.,,,,
support local community,/səˈpɔːrt ˈloʊkəl kəˈmjuːnɪti/,We support local community initiatives.,,,,
host a charity event,/hoʊst ə ˈtʃærɪti ɪˈvɛnt/,I’ll host a charity event soon.,,,,
promote unity,/prəˈmoʊt ˈjuːnɪti/,We’ll promote unity via projects.,,,,
share community resources,/ʃɛr kəˈmjuːnɪti rɪˈsɔːrsɪz/,Let’s share community resources for the cleanup.,,,,
attend a public rally,/əˈtɛnd ə ˈpʌblɪk ˈræli/,I’ll attend a public rally for the cause.,,,,